iter	Accuracy	MultiClass
0	0.6058287311	1.314248607
100	0.6999467696	0.7365186262
200	0.7248985295	0.6815456523
300	0.7384390179	0.6580763972
400	0.7464568501	0.6392476282
500	0.7560050569	0.6215303929
600	0.763756737	0.6074656128
700	0.7725064875	0.5944969629
799	0.7787277929	0.5829531132
