iter	Accuracy	MultiClass
0	0.6058287311	1.314248607
100	0.6987490851	0.7339112724
200	0.7248652605	0.6805392314
300	0.7401024686	0.6538935645
400	0.7505156697	0.6333082224
500	0.758799654	0.6194995907
600	0.7659192228	0.6050408262
700	0.7724066804	0.5911414259
799	0.7829862266	0.5759659388
