iter	Accuracy	MultiClass
0	0.6058287311	1.314248607
100	0.7003792668	0.7330662458
200	0.7247654535	0.6799641203
300	0.7375407545	0.6558843817
400	0.7510479739	0.6316121238
500	0.7595648413	0.6153817512
600	0.7682147847	0.6000141224
700	0.7767316521	0.585840648
799	0.7846164083	0.5716998028
